Name,Address,Price,Rating
Semir Ban & Body Motor Mobil Tech Jepang HARGA PABRIK kualitas TOzp setara Brand TERNAMA buktikan Se,Jakarta Pusat,Rp15.400,4.9
CUSTOM Sticker Cutting,Sumedang,Rp1.000,4.9
Nepel Sambungan Gunspray,Jakarta Pusat,Rp10.000,4.9
Kancing klip Body Nmax dan Motor Universal,Jakarta Barat,Rp590,4.9
Lampu LED Rem Stop Bayonet 1157 18 Mata Standar Diam Strobo Kedip Mobil Motor Kaki 2 DC,Jakarta Barat,Rp7.750,4.9
STIKER YSS  BESAR DAN KECIL,Kab. Cirebon,Rp2.000,4.9
LED T10 JELLY NO FLASH HARGA PER BIJI,Surabaya,Rp2.500,4.9
Label Pengiriman Online 100lembar Ready Stok,Jakarta Barat,Rp5.800,5
LED T10 JELLY FLASHING Harga per BIJI,Surabaya,Rp3.000,4.9
Cover Shoes Jas Pelapis Sepatu Karet Anti Air Hujan Waterproof Tinggi - M Biru,Depok,Rp10.888,4.8
T10 JELLY 8 LED LAMPU LED SEIN SIEN SEN SENJA,Jakarta Utara,Rp2.100,4.8
BOHLAM LAMPU SENJA T10 12V 5WATT LAMPU SENJA BULB LAMPU SENJA CLEAR,Jakarta Timur,Rp400,4.9
T10 Crystal Jelly 6 Mata STROBO Kedip Led 5730 Lampu Senja Sen Sein,Jakarta Barat,Rp2.600,4.8
Lampu LED Jagung T10 Senja kota sein 10 mata 10 titik mata Mobil Motor HARGA 1PCS,Jakarta Barat,Rp3.250,4.8
monel tutup baut m 8 monel tutup baut 8 mm mur baut murah tutup baut warna tutup baut racing tutup baut anodez,Pasuruan,Rp1.900,4.8
Led Mata Elang/Eagle Eye Led 12V 1.5W,Jakarta Utara,Rp6.000,4.7
Drl 30 cm grade B rasa grade A JHO B I alis drl 30 cm I drl alis 30 cm I lampu led drl 30 cm - LAMPU KOLONG SKU-0664,Jakarta Barat,Rp11.000,4.6
TUTUP PENTIL LAMPU (LED),Purwakarta,Rp5.000,4.5
PROMO Label sticker tom & jerry LENGKAP,Jakarta Timur,Rp5.040,4.9
Lampu Led Modul 3 Mata,Surabaya,Rp2.000,4.8
Baut Visor Windshield Nmax Lexi,Jakarta Barat,Rp1.000,5
LAMPU LED T5 SPEEDO PANEL DASHBOARD,Jakarta Utara,Rp1.000,4.8
TERMURAH Lampu LED MOTOR ORIGINAL AYOTO M2B H6 AC DC 8WATT 8WATT,Jakarta Barat,Rp29.900,4.9
Lampu LED T10 2 sisi 6 LED Sein dan Senja,Jakarta Barat,Rp1.299,4.8
LAMPU LED AYOTO M2B H6 T19 BEBEK MATIC,Jakarta Barat,Rp29.900,4.9
flasher sein led cr7 bisa di atur,Jakarta Utara,Rp6.500,4.8
Kancing klip Body Motor Universal,Jakarta Barat,Rp690,4.9
LED Stop 13 Mata FLASHING Harga per BIJI,Surabaya,Rp5.700,4.9
Buf masker Kain Hitam google mask slayer bandana Balaclava Motor Helm,Depok,Rp4.000,4.9
Lampu H6 Halogen Osram COOL WHITE COOL BLUE TERMURAH HARGA GROSIR,Jakarta Barat,Rp12.500,4.9
T10 Crystal Kristal Jelly 6 Mata Led 5730 Lampu Senja Sen Speedometer,Kab. Tangerang,Rp599,4.5
emblem timbul logo garputala yamaha bahan abs plastik kwalitas bagus ukuran 4.5cm x 4.5cm rx king,Purwakarta,Rp9.500,4.9
Lampu Sen Sein Senja T10 6Led Jelly Sen Gel Universal,Depok,Rp3.799,4.9
EMBLEM TIMBUL logo ESP HONDA BEAT VARIO 110 125 150 PCX BEAT NEW BEAT beat pop beat street spacy,Purwakarta,Rp3.500,4.9
EMBLEM TIMBUL logo ESP HONDA BEAT VARIO 110 125 150 PCX BEAT NEW BEAT beat pop beat street spacy,Purwakarta,Rp3.500,4.9
Breket Bracket Bolong Plat Bolong Plat Serba Guna,Jakarta Barat,Rp1.500,4.7
emblem logo tutup kunci kontak honda All beat vario karbu scoopy karbu kualitas,Purwakarta,Rp4.500,4.9
LAMPU LED T10 MOBIL MOTOR RGB 6 MATA JELLY ISI 2PCS DAPAT REMOTE BATERAI,Jakarta Barat,Rp11.500,4.7
Breket Plat Nomor Bolong serba guna bracket multi fungsi motor,Kab. Tangerang,Rp599,4.7
emblem logo tutup kunci kontak honda All beat vario karbu scoopy karbu kualitas,Purwakarta,Rp4.500,4.9
LED Modul 6 Mata 6Watt 6W 12V 24V Premium Super Terang Waterproof,Jakarta Barat,Rp3.400,4.8
Lampu Stop Rem LED 13 Mata Strobo Kedip Motor Mobil Kaki 2 DC,Depok,Rp6.850,4.9
Lampu Led Flexible Alis 30Cm Led Alis Motor,Jakarta Utara,Rp11.700,4.7
SAKLAR ON OFF SWITCH ONOFF SAKRAL ON OF LAMPU ON OFF BREKET STANG SAKLAR ON OF UNIVERSAL MOTOR,Jakarta Utara,Rp5.600,4.8
Hidrolik Jok Motor Huben Gas Spring Huben GS-100 N,Kab. Tangerang,Rp10.000,5
emblem logo fi pgm fi honda beat vario revo sonic cb150r cbr spacy adv pcx thailand d termurah,Purwakarta,Rp4.000,4.9
Lampu LED Jagung T10 Senja - kota sein 5mata 5 titik - mata - SMD 5050 Mobil Motor,Jakarta Barat,Rp2.000,4.8
EMBLEM TIMBUL logo ESP HONDA BEAT VARIO 110 125 150 PCX BEAT NEW BEAT beat pop beat street spacy,Purwakarta,Rp3.500,4.9
LAMPU MOTOR LED BEBEK MATIC AYOTO M2B AC DC HI LO,Jakarta Barat,Rp26.899,5
emblem timbul 3d logo tutup minyak master HONDA BEAT VARIO SUPRA REVO KHARISMA SOOPY KARBU FI CS1,Purwakarta,Rp4.500,4.9
STIKER SHOCK  OHLINS BUKAN STIKER YSS WP NITRON KTC RACING,Kab. Cirebon,Rp2.700,4.8
Lampu Led sen colok t10 7 warna RGB,Kab. Tangerang,Rp1.299,4.7
Sarung Jok Biker Cevral Sarung Kulit Jok Biker Thailand Sarung Jok Karbon Carbon,Jakarta Barat,Rp19.500,4.5
Lampu LED T5 Speedometer Dashboard 3 SMD 1210 Model Jamur Mobil Motor,Jakarta Barat,Rp3.800,4.8
emblem logo tutup kunci kontak honda All beat vario karbu scoopy karbu kualitas,Purwakarta,Rp4.500,4.9
"Ring Variasi / Monel baut L ""Baut 10""",Bandung,Rp1.000,4.7
LAMPU SEIN SEN SENJA LED T10 JELLY KHUSUS STROBO,Jakarta Utara,Rp4.500,4.8
Japan Carbon Printing Water Transfer Printing Hydrographic film,Medan,Rp33.115,4.8
BOHLAM GIGI SPEEDOMETER BOHLAM LAMPU SPEEDOMETER BOHLAM LAMPU T5,Jakarta Timur,Rp400,4.8
emblem timbul logo garputala yamaha bahan abs plastik kwalitas bagus ukuran 4.5cm x 4.5cm rx king,Purwakarta,Rp9.500,4.9
Tombol Dim On Off 3 Fungsi,Jakarta Barat,Rp4.500,4.8
"sticker scotlite scotlet merk profix, dc fix dan good fix",Depok,Rp12.500,4.9
emblem logo tutup kunci kontak honda All beat vario karbu scoopy karbu kualitas,Purwakarta,Rp4.500,4.9
Sepatu Karet Sepeda Air Motor ALL Bike AP Boots Hujan ALLBIKE 40 41 42 - 38,Depok,Rp54.888,4.8
Baut Body Probolt Honda Yamaha - Pro Bolt Baut Cacing Cnc,Depok,Rp1.850,4.8
LOGO ESP THAILAND - EMBLEM ESP THAILAND,Bekasi,Rp4.200,4.9
bolam stop,Jakarta Barat,Rp3.000,4.8
LAMPU LED T10 SILICONE 5730 SEPASANG I t10 lampu led jelly 5630 I T10 led silicone I lampu t10 led jelly 5730 sku-0994,Jakarta Barat,Rp3.500,4.7
emblem logo fi pgm fi honda beat vario revo sonic cb150r cbr spacy adv pcx thailand d termurah,Purwakarta,Rp4.000,4.9
emblem logo fi pgm fi honda beat vario revo sonic cb150r cbr spacy adv pcx thailand d termurah,Purwakarta,Rp4.000,4.9
LED STRIP 3 TITIK  HPL UNIVERSAL WATERPROOF,Jakarta Utara,Rp2.000,4.7
Lampu Sen Sein T10 6Led Jelly Biasa 1pc,Kab. Tangerang,Rp3.900,4.5
Stainless cable ties kabel ties klem knalpot exhaust wrap motor mobil Peredam Panas Knalpot / Exhaust Wrap,Jakarta Barat,Rp6.500,4.8
lampu sen seri senja colok rgb 7 warna lampu senja t10 pelangi kedap kedip 7 warna colok,Kab. Bogor,Rp1.500,4.8
Stiker pelek TAKASAGO EXCEL ASIA nyala,Bekasi,Rp4.500,4.8
BOHLAM DEPAN STANDAR GRAND BEBEK DAN MATIC 12V 35W,Jakarta Barat,Rp1.800,4.9
Emblem Yamaha batok spido speedometer spedo meter F1Zr fizr force crypton Vega lama fiz berkualitas,Purwakarta,Rp4.500,4.9
stiker cutting list VELG TAKASAGO EXCEL ASIA THAILAND exel kualitas terbaik ter murah,Purwakarta,Rp6.500,4.9
emblem logo fi pgm fi honda beat vario revo sonic cb150r cbr spacy adv pcx thailand d termurah,Purwakarta,Rp4.000,4.9
sticker shock stiker ohlins,Jakarta Timur,Rp4.950,4.9
emblem timbul logo garputala yamaha bahan abs plastik kwalitas bagus ukuran 4.5cm x 4.5cm rx king,Purwakarta,Rp10.500,4.9
EMBLEM STIKER TIMBUL HONDA ESP THAILAND,Jakarta Barat,Rp4.000,4.8
lampu stop rem 13 mata jagung led flash kedip strobo,Kab. Bogor,Rp7.400,4.8
Stiker timbul emblem RX-King,Jakarta Barat,Rp18.000,4.7
emblem timbul 3d logo tutup minyak master HONDA BEAT VARIO SUPRA REVO KHARISMA SOOPY KARBU FI CS1,Purwakarta,Rp4.500,4.9
Flaser Sein Elektrik LED CR7 Motor Dengan Pengaturan Kedipan,Depok,Rp8.750,4.8
Cat Semprot Diton Warna Standar 300 cc Ready Stok Semua Warna,Jakarta Barat,Rp22.000,4.9
EMBLEM TIMBUL logo ESP HONDA BEAT VARIO 110 125 150 PCX BEAT NEW BEAT beat pop beat street spacy,Purwakarta,Rp4.500,4.9
Emblem stiker timbul resin Logo Garputala Yamaha,Jakarta Barat,Rp4.000,4.8
WTP WTF Carbon Celup Water Transfer Printing Carbon,Medan,Rp35.000,4.9
Baut Body Yamaha Probolt Thailand,Jakarta Barat,Rp1.000,4.7
EMBLEM CHROME TANKI YAMAHA RX KING VIXION SCORPIO DAN BHYSON,Jakarta Barat,Rp16.500,4.8
Lampu Tembak Sorot Motor Mobil LED CREE Mini Owl Ultrafire 3 Mata,Depok,Rp50.000,4.8
lampu led mata elang brecket,Jakarta Barat,Rp14.500,4.6
SEPASANG LED MATA ELANG STROBO BREKET SPION SEPION BLITZ 3 MODE KEDIP EAGLE EYE,Jakarta Utara,Rp15.000,4.7
BOHLAM STOP STANDAR GRAND BEBEK DAN MATIC 12V 21-5W,Jakarta Barat,Rp1.600,5
TUTUP PENTIL LED NYALA WARNA WARNI,Kab. Pasuruan,Rp4.000,4.6
LAMPU MOTOR LED BEBEK MATIC AYOTO  M2B AC DC HI LO,Jakarta Barat,Rp30.420,4.9
emblem logo tutup kunci kontak honda All beat vario karbu scoopy karbu kualitas,Purwakarta,Rp4.500,4.9
BOHLAM LED H6 COB 2 MATA LED AC DC I led h6 cob 2 mata I Lampu led cob h6 2 mata I led cob h6 I bohlam depan motor h6 sku-1139,Jakarta Barat,Rp12.900,4.6
Promo Breket Bracket Plat Nomor Bolong serba guna bracket multi fungsi motor dan rak besi universal bracket plat bolong tebal serba guna,Kab. Tangerang,Rp1.499,4.8
ProGuard Robot Cnc Handguard Robot Pelindung Tangan Stang Rem Cnc,Depok,Rp39.900,4.8
Klip Kancing Body Motor Universal Nmax Aerox,Jakarta Utara,Rp600,4.8
Penambahan Packing Bubble Warp Untuk Barang Pecah Belah,Kab. Tangerang,Rp3.700,4.5
ring topi 10. tinggi 4mili,Jakarta Utara,Rp1.500,5
Paket senter Sudah Pake bOx  super terang Lumen  E17s XML-T6 3800 LUMENS WITH BOX,Jakarta Pusat,Rp195.000,5
Emblem Yamaha batok spido speedometer spedo meter F1Zr fizr force crypton Vega lama fiz berkualitas,Purwakarta,Rp10.000,4.9
Lampu LED Mata Elang Eagle Eye 12V 23mm Variasi Aksesoris Motor Mobil HARGA 1PCS BAHAN BESI,Jakarta Barat,Rp6.500,4.8
Mata Elang Cob HURA 23 mm baut besar eagle eye BULLAES,Jakarta Barat,Rp4.500,4.9
Pentil Karet TR413 Tubless Motor dan Mobil,Tangerang,Rp1.049,4.9
Flaser Sen CR7 Flaser Sein Stelan Cr7,Jakarta Barat,Rp8.500,4.8
Saklar Lampu Tombol Dim 3 Titik Tec Revo Beat F1 Blade New Vario 125 Spacy F1 Scoopy F1 Supra X,Depok,Rp2.600,4.9
Lampu Utama Headlamp LED RTD M02E 6 Sisi Original,Jakarta Utara,Rp92.400,4.8
BAUT PROBOLT BODI HONDA YAMAHA,Kab. Pasuruan,Rp2.500,4.4
Flasher sen sein led stelan CR7,Jakarta Barat,Rp8.500,4.9
Lap Kanebo Nitex,Jakarta Barat,Rp34.000,4.9
Dop Stop REM BELAKANG Projie MOVING,Surabaya,Rp20.000,4.9
Lampu Led Senja T10 6 Led 12 volt Nyala Kedip Strobo,Jakarta Barat,Rp5.000,4.8
FLASER FLASHER SEIN LED SEN RELAY ATUR CEPAT DV UNIVERSAL,Jakarta Utara,Rp6.900,4.8
Kancing klip Body Yamaha Nmax dan Motor Universal,Jakarta Barat,Rp600,4.8
HANDGRIP BARACUDA VND ORIGINAL AKAI PREMIUM PROMO TERMURAH UNIVERSAL BISA SEMUA MOTOR,Jakarta Barat,Rp45.000,4.8
klem penjepit selang vacum bensin motor all yamaha honda suzuki kawasaki dll,Jakarta Timur,Rp1.100,5
Jual 3M Half Facepiece Respirator Half Gas Mask Medium Masker Gas 3M 6200,Depok,Rp58.888,4.9
Relay Klakson Relay Transparan 4 Kaki 80A,Depok,Rp6.999,4.8
emblem yamaha bluecore blue core thailand twotone standar kualitas terbaik ter murah,Purwakarta,Rp3.500,4.9
per tiang rem mio,Jakarta Utara,Rp1.200,4.9
Lampu LED T5 Speedometer Panel Dashboard,Jakarta Selatan,Rp2.300,4.8
Stiker atau scotlite polos warna,Jakarta Barat,Rp14.000,4.9
Custom Bikin Stiker cutting murah,Depok,Rp500,4.6
monel ring 10,Jakarta Barat,Rp1.000,4.7
COVER BAUT PROBOL COVER MONEL BAUT MOTOR UNIVERSAL PROMO TERMURAH,Jakarta Barat,Rp15.000,4.8
STIKER OK DAN GARANSI 3 TAHUN YAMAHA,Jakarta Barat,Rp6.000,4.9
LAMPU UTAMA LED RTD M 02E 6 SISI HEADLAMP H6 H4 HS1 3000LM 6000K,Jakarta Utara,Rp92.400,4.8
jaring lampu ninja RR new,Kab. Cirebon,Rp15.500,4.7
baut mur kuning ukuran 6 x 20 di sebut kunci 10 2cm,Jakarta Barat,Rp400,4.9
Baut Skrup Kecil Box Panel,Bandung,Rp300,4.9
Lampu Sen Sein T10 Jelly SMD 5050 Mode DIAM,Kab. Tangerang,Rp3.100,4.5
stiker cutting LIST VELG MARCHESINI STIKER VELG TAKASAGO EXEL ASIA THAILAND THAILOOK KUALITAS,Purwakarta,Rp3.360,4.9
BOHLAM SEN SEMUA MOTOR WARNA UNGU - MERAH STOCK BOHLAM LAMPU SEN T13,Jakarta Timur,Rp500,4.9
Flaser Sein LED Bunyi Dengan Pengaturan Kedipan Flasher Elektrik LED Bunyi,Depok,Rp9.999,4.8
LAMPU TEMBAK SOROT LED CWL 2 MATA LENSA 4D 20 WATT CREE ANGEL AYE BREKET SPION,Jakarta Utara,Rp56.000,4.9
Saklar Lampu Tombol Dim 3 Titik Tec Revo Beat F1 Blade New Vario 125 Spacy F1 Scoopy F1 Supra x,Jakarta Barat,Rp2.300,4.9
Wellnut  Karet Winshield Nmax  R25 Cbr R15 Ninja gsx r25 aerox cbr versys er6 adv visor windshield adv pcx honda welnut baut mur,Jakarta Selatan,Rp1.500,4.8
LAMPU TEMBAK SOROR LED BAR CREE CWL 24 MATA 2 SUSUN LED MOTOR MOBIL 24 TITIK,Jakarta Utara,Rp57.500,4.7
emblem timbul 3d logo tutup minyak master HONDA BEAT VARIO SUPRA REVO KHARISMA SOOPY KARBU FI CS1,Purwakarta,Rp4.500,4.9
LAMPU LED SENJA T10 MODEL JELLY STROBO FLASH KEDIP HARGA SEPASANG,Kab. Bogor,Rp7.200,4.8
Led Bar Cree Worklight  Flood 18watt Lampu Tembak kabut Sorot 6 Mata sisi Offroad drl Work light LED mobil motor,Tangerang Selatan,Rp25.000,4.4
Tutup Pentil Led Nyala Lampu Ban Sepeda Motor Mobil,Kab. Tangerang,Rp299,4.5
EMBLEM TIMBUL LOGO BEAT TWOTONE CROME GOLD KARBON BIRU HITAM MERAH THAILAND KUALITAS TERBAIK MURAH,Purwakarta,Rp5.950,4.9
ring bos m6 tinggi 7mm,Jakarta Utara,Rp1.500,4.9
